,Transaction Id,Transaction Date,Store Id,Customer Id
0,0,2023-05-05,3,459
1,1,2020-11-09,24,377
2,2,2022-05-05,4,477
3,3,2020-10-25,14,54
4,4,2022-09-13,23,158
5,5,2021-05-02,24,198
6,6,2020-06-08,20,329
7,7,2021-08-26,47,319
8,8,2021-05-31,31,246
9,9,2020-07-23,30,468
10,10,2021-12-05,37,187
11,11,2020-12-21,15,372
12,12,2022-05-25,8,249
13,13,2022-02-16,35,240
14,14,2020-11-04,18,131
15,15,2020-03-05,16,196
16,16,2020-07-07,31,108
17,17,2020-03-20,8,78
18,18,2022-10-28,13,478
19,19,2022-07-03,38,296
20,20,2023-11-08,40,250
21,21,2021-10-07,12,53
22,22,2022-01-26,25,269
23,23,2021-01-02,47,331
24,24,2022-04-05,9,314
25,25,2020-01-31,6,36
26,26,2021-08-26,22,325
27,27,2021-12-11,12,285
28,28,2021-07-14,42,63
29,29,2020-03-10,29,460
30,30,2022-11-18,44,31
31,31,2021-05-25,48,41
32,32,2021-03-19,32,317
33,33,2021-07-16,21,455
34,34,2020-03-04,36,429
35,35,2020-12-10,14,398
36,36,2023-12-13,24,181
37,37,2022-04-11,11,273
38,38,2020-10-02,44,465
39,39,2021-04-07,49,444
40,40,2022-07-31,0,370
41,41,2021-02-16,49,425
42,42,2020-09-03,1,292
43,43,2021-06-14,36,126
44,44,2023-12-27,25,273
45,45,2020-12-05,16,281
46,46,2021-06-04,49,477
47,47,2022-05-11,33,11
48,48,2023-03-25,0,67
49,49,2022-01-06,23,222
50,50,2023-12-06,30,238
51,51,2023-07-15,10,464
52,52,2021-03-23,8,366
53,53,2023-04-15,32,145
54,54,2022-02-28,0,100
55,55,2023-05-08,3,125
56,56,2023-05-02,38,84
57,57,2020-05-19,37,183
58,58,2022-02-02,22,93
59,59,2021-04-18,23,147
60,60,2023-03-02,16,208
61,61,2020-06-21,21,130
62,62,2021-07-10,22,159
63,63,2020-04-30,8,141
64,64,2022-09-23,3,222
65,65,2020-08-24,45,149
66,66,2020-10-30,14,457
67,67,2020-03-08,16,57
68,68,2023-05-14,15,189
69,69,2022-06-16,36,176
70,70,2020-02-20,10,453
71,71,2023-12-04,44,156
72,72,2020-07-23,16,461
73,73,2020-01-26,49,117
74,74,2023-02-20,33,44
75,75,2022-05-20,7,427
76,76,2020-06-15,16,268
77,77,2023-11-17,37,51
78,78,2020-03-27,7,170
79,79,2023-03-29,25,141
80,80,2021-01-01,33,335
81,81,2023-07-08,49,442
82,82,2023-04-29,1,480
83,83,2021-10-20,43,431
84,84,2021-03-09,38,152
85,85,2023-06-03,3,103
86,86,2020-10-15,49,486
87,87,2022-08-02,36,213
88,88,2023-06-14,45,81
89,89,2022-03-30,23,60
90,90,2020-09-17,11,234
91,91,2020-12-28,7,55
92,92,2021-11-07,25,464
93,93,2022-04-05,25,169
94,94,2021-07-09,1,227
95,95,2022-07-22,7,256
96,96,2020-05-23,34,24
97,97,2021-06-17,9,38
98,98,2021-02-04,11,255
99,99,2020-12-17,30,21
100,100,2022-02-19,12,240
101,101,2021-08-29,6,303
102,102,2021-03-16,7,55
103,103,2021-09-18,15,354
104,104,2023-05-01,41,490
105,105,2023-06-02,8,499
106,106,2023-01-03,32,383
107,107,2022-12-22,45,239
108,108,2023-04-28,40,473
109,109,2021-03-17,38,178
110,110,2023-04-14,34,352
111,111,2022-04-03,14,225
112,112,2020-05-25,38,172
113,113,2021-03-30,19,355
114,114,2021-03-18,34,65
115,115,2023-03-17,6,264
116,116,2021-09-06,28,307
117,117,2021-05-28,9,345
118,118,2020-04-04,2,173
119,119,2020-01-14,32,199
120,120,2023-11-23,37,341
121,121,2022-04-10,20,106
122,122,2021-12-11,42,177
123,123,2022-08-09,6,370
124,124,2021-01-13,45,153
125,125,2023-04-01,7,176
126,126,2023-10-08,18,431
127,127,2023-12-02,32,73
128,128,2021-08-11,2,326
129,129,2021-06-02,26,85
130,130,2022-10-10,7,214
131,131,2023-11-08,47,450
132,132,2021-10-20,39,217
133,133,2020-09-19,41,229
134,134,2020-06-25,42,149
135,135,2021-11-26,19,85
136,136,2022-10-09,13,462
137,137,2021-08-25,3,378
138,138,2020-08-04,32,86
139,139,2023-02-01,13,228
140,140,2023-12-12,4,435
141,141,2020-12-09,14,442
142,142,2020-06-14,33,490
143,143,2020-10-15,16,126
144,144,2021-09-11,17,350
145,145,2023-09-04,48,93
146,146,2023-03-25,13,412
147,147,2023-06-03,42,431
148,148,2022-12-19,14,55
149,149,2023-07-21,2,414
150,150,2023-07-02,26,425
151,151,2021-12-29,45,92
152,152,2020-02-25,6,174
153,153,2020-07-12,21,200
154,154,2020-09-24,30,151
155,155,2023-05-20,21,480
156,156,2021-03-18,44,367
157,157,2021-03-20,43,313
158,158,2020-08-02,12,422
159,159,2021-05-05,33,281
160,160,2023-11-22,5,419
161,161,2021-02-13,17,415
162,162,2023-12-29,28,264
163,163,2023-07-30,46,377
164,164,2023-05-11,44,319
165,165,2023-06-15,48,100
166,166,2023-01-24,49,170
167,167,2021-10-14,28,223
168,168,2023-11-30,33,452
169,169,2023-09-29,7,296
170,170,2022-03-11,0,446
171,171,2023-10-29,21,58
172,172,2023-05-16,23,442
173,173,2023-01-27,10,487
174,174,2020-02-01,10,375
175,175,2020-11-29,44,323
176,176,2023-10-20,27,2
177,177,2022-11-17,12,461
178,178,2023-07-02,15,115
179,179,2022-10-03,13,136
180,180,2020-06-14,40,245
181,181,2020-07-07,31,298
182,182,2022-04-24,11,322
183,183,2020-09-15,30,318
184,184,2023-10-13,31,301
185,185,2023-01-17,18,466
186,186,2021-03-28,33,283
187,187,2023-09-04,49,176
188,188,2023-11-30,46,312
189,189,2022-10-30,0,50
190,190,2020-05-28,18,400
191,191,2021-12-18,31,49
192,192,2020-02-17,5,239
193,193,2023-01-16,25,493
194,194,2020-02-24,20,315
195,195,2023-07-03,37,180
196,196,2020-09-27,49,326
197,197,2022-03-19,11,226
198,198,2023-01-26,4,178
199,199,2022-03-12,46,244
200,200,2022-09-18,33,226
201,201,2020-10-20,13,206
202,202,2022-05-16,44,496
203,203,2022-04-03,18,135
204,204,2021-02-06,36,57
205,205,2020-01-18,40,166
206,206,2022-05-24,48,217
207,207,2021-02-15,49,449
208,208,2021-01-10,38,365
209,209,2022-10-06,15,187
210,210,2022-12-02,29,216
211,211,2022-03-20,45,31
212,212,2020-04-10,0,174
213,213,2020-07-09,14,455
214,214,2021-07-22,23,435
215,215,2021-03-13,34,327
216,216,2020-05-17,12,113
217,217,2021-09-03,33,374
218,218,2020-12-21,43,76
219,219,2023-08-28,43,326
220,220,2021-06-18,24,157
221,221,2023-05-09,5,294
222,222,2023-12-27,26,330
223,223,2021-07-05,43,255
224,224,2021-05-26,33,496
225,225,2021-08-16,13,71
226,226,2023-08-19,47,295
227,227,2020-03-18,17,457
228,228,2023-01-23,14,40
229,229,2022-10-22,42,224
230,230,2022-07-11,37,482
231,231,2020-05-08,19,145
232,232,2023-12-14,48,161
233,233,2021-12-25,30,264
234,234,2021-09-08,15,25
235,235,2022-07-03,31,224
236,236,2022-08-15,16,340
237,237,2022-09-06,24,229
238,238,2022-01-18,20,28
239,239,2022-08-20,40,87
240,240,2020-02-18,43,307
241,241,2022-10-22,32,455
242,242,2021-12-07,34,243
243,243,2022-12-22,13,69
244,244,2022-02-11,13,424
245,245,2020-11-29,30,241
246,246,2023-05-27,38,378
247,247,2022-10-16,11,371
248,248,2023-12-16,1,319
249,249,2023-05-27,41,364
250,250,2022-10-20,8,486
251,251,2022-02-09,36,251
252,252,2023-10-04,42,389
253,253,2021-01-06,29,66
254,254,2020-06-25,10,471
255,255,2023-10-01,19,450
256,256,2020-09-02,29,7
257,257,2022-06-15,2,101
258,258,2023-12-15,21,286
259,259,2021-04-21,20,134
260,260,2023-07-02,31,294
261,261,2020-06-13,10,11
262,262,2023-08-21,49,195
263,263,2023-08-11,3,190
264,264,2021-05-06,39,89
265,265,2022-06-13,34,321
266,266,2023-10-27,8,357
267,267,2022-05-17,27,286
268,268,2023-05-07,38,432
269,269,2023-01-24,4,3
270,270,2021-08-05,41,437
271,271,2023-07-26,37,4
272,272,2020-10-31,20,10
273,273,2022-06-28,43,460
274,274,2020-06-13,45,292
275,275,2022-09-23,32,161
276,276,2023-10-30,18,404
277,277,2022-04-17,21,26
278,278,2023-09-16,28,79
279,279,2022-12-22,3,319
280,280,2023-07-31,28,210
281,281,2021-03-29,11,404
282,282,2020-09-17,23,176
283,283,2020-03-25,24,59
284,284,2022-11-23,37,197
285,285,2022-10-04,5,17
286,286,2021-10-26,47,331
287,287,2020-02-29,19,185
288,288,2022-11-14,25,314
289,289,2021-01-28,43,262
290,290,2022-06-03,17,121
291,291,2020-07-18,37,267
292,292,2020-10-13,9,82
293,293,2023-05-19,21,444
294,294,2021-01-23,14,47
295,295,2021-08-10,32,474
296,296,2020-10-04,46,17
297,297,2021-05-09,6,137
298,298,2020-05-27,12,468
299,299,2021-10-28,13,372
300,300,2021-10-28,26,147
301,301,2020-05-15,2,386
302,302,2020-02-14,44,174
303,303,2023-12-07,46,135
304,304,2022-03-28,40,53
305,305,2020-10-30,15,258
306,306,2023-08-27,17,349
307,307,2021-12-11,27,8
308,308,2022-09-14,31,482
309,309,2022-08-01,11,436
310,310,2023-09-15,17,303
311,311,2022-05-27,5,433
312,312,2023-12-10,30,416
313,313,2020-05-21,18,369
314,314,2021-10-22,23,303
315,315,2021-10-20,31,227
316,316,2020-09-09,32,121
317,317,2023-11-18,43,187
318,318,2023-03-08,48,358
319,319,2023-02-14,23,110
320,320,2023-03-06,27,306
321,321,2021-06-12,29,363
322,322,2021-05-09,15,487
323,323,2020-01-28,35,89
324,324,2021-12-02,39,486
325,325,2021-03-16,26,24
326,326,2022-06-06,22,472
327,327,2022-11-06,7,201
328,328,2021-06-29,17,278
329,329,2020-01-30,11,54
330,330,2020-12-22,2,51
331,331,2021-01-10,35,112
332,332,2023-06-15,3,22
333,333,2020-02-10,19,295
334,334,2022-10-04,8,170
335,335,2020-01-13,36,386
336,336,2022-01-25,30,232
337,337,2021-01-08,49,103
338,338,2022-10-27,30,40
339,339,2021-08-30,40,49
340,340,2023-03-09,47,53
341,341,2023-01-19,38,332
342,342,2023-03-22,22,230
343,343,2023-08-06,39,100
344,344,2023-06-26,32,275
345,345,2022-09-09,31,128
346,346,2021-02-26,16,421
347,347,2021-07-13,15,422
348,348,2021-01-16,13,203
349,349,2020-05-01,40,409
350,350,2020-11-19,14,425
351,351,2020-03-20,43,488
352,352,2020-04-26,3,491
353,353,2022-09-11,42,108
354,354,2020-06-06,49,152
355,355,2020-09-21,31,303
356,356,2020-05-21,1,80
357,357,2022-08-12,29,23
358,358,2022-04-15,41,24
359,359,2020-11-21,7,137
360,360,2021-02-10,35,118
361,361,2021-07-17,43,169
362,362,2021-02-07,8,245
363,363,2020-12-05,29,15
364,364,2021-07-02,9,208
365,365,2023-07-18,18,291
366,366,2021-01-13,27,59
367,367,2021-08-04,40,343
368,368,2023-07-03,49,168
369,369,2020-11-18,27,301
370,370,2023-12-04,32,98
371,371,2020-12-29,11,195
372,372,2020-09-21,42,164
373,373,2021-06-26,42,364
374,374,2022-12-25,46,390
375,375,2022-01-29,21,474
376,376,2021-12-11,23,449
377,377,2020-01-22,35,486
378,378,2021-10-05,10,368
379,379,2021-02-04,30,126
380,380,2020-05-22,5,220
381,381,2020-11-14,7,83
382,382,2021-08-28,30,352
383,383,2022-05-07,12,321
384,384,2022-12-20,29,387
385,385,2020-06-12,44,180
386,386,2020-06-06,30,497
387,387,2022-08-03,18,189
388,388,2021-03-08,14,117
389,389,2023-11-23,17,4
390,390,2022-06-10,25,301
391,391,2022-11-10,0,121
392,392,2023-07-20,24,298
393,393,2022-03-25,28,303
394,394,2020-01-09,36,28
395,395,2023-03-09,33,308
396,396,2021-03-27,47,67
397,397,2021-11-21,44,396
398,398,2021-06-01,6,315
399,399,2020-01-04,16,244
400,400,2021-11-10,27,306
401,401,2020-11-02,12,196
402,402,2020-07-22,46,171
403,403,2022-01-24,35,472
404,404,2021-05-02,29,362
405,405,2020-11-15,29,302
406,406,2023-07-10,37,298
407,407,2023-08-30,13,399
408,408,2020-12-06,21,189
409,409,2021-10-13,32,40
410,410,2023-11-05,20,52
411,411,2023-04-26,34,285
412,412,2023-05-29,1,162
413,413,2020-04-17,7,317
414,414,2021-07-07,32,67
415,415,2021-12-16,37,320
416,416,2020-11-25,18,396
417,417,2020-05-24,41,201
418,418,2021-09-22,22,408
419,419,2021-03-22,24,446
420,420,2023-04-07,30,339
421,421,2021-07-23,0,274
422,422,2022-01-26,23,498
423,423,2021-04-10,6,123
424,424,2022-03-23,32,161
425,425,2022-12-12,14,335
426,426,2023-10-27,45,143
427,427,2022-11-02,31,157
428,428,2020-09-29,35,304
429,429,2021-01-20,33,364
430,430,2023-04-19,6,158
431,431,2020-01-25,49,360
432,432,2021-02-07,22,192
433,433,2021-11-08,22,490
434,434,2021-08-09,24,362
435,435,2022-07-12,40,21
436,436,2021-12-02,7,209
437,437,2023-08-22,2,435
438,438,2022-10-31,9,249
439,439,2022-11-09,47,280
440,440,2021-04-05,26,2
441,441,2023-08-22,6,83
442,442,2020-11-11,19,41
443,443,2023-12-25,39,125
444,444,2022-10-10,46,118
445,445,2022-11-14,41,180
446,446,2020-04-26,9,431
447,447,2023-01-06,15,415
448,448,2023-07-18,27,391
449,449,2020-12-05,9,94
450,450,2021-04-14,35,212
451,451,2023-03-07,27,440
452,452,2023-12-20,44,262
453,453,2022-02-24,27,460
454,454,2020-12-03,37,488
455,455,2020-02-22,45,45
456,456,2023-03-15,14,143
457,457,2021-01-11,41,164
458,458,2022-06-19,16,139
459,459,2021-12-16,26,135
460,460,2022-12-23,49,432
461,461,2020-09-05,3,24
462,462,2020-09-16,29,16
463,463,2021-09-29,47,230
464,464,2020-04-05,8,394
465,465,2023-05-23,1,108
466,466,2021-09-21,20,183
467,467,2022-08-14,38,231
468,468,2020-03-02,20,321
469,469,2022-02-20,14,328
470,470,2020-07-31,44,361
471,471,2021-06-16,34,138
472,472,2022-09-15,45,437
473,473,2023-06-26,7,368
474,474,2023-08-10,42,127
475,475,2020-09-21,27,40
476,476,2023-05-09,48,319
477,477,2021-03-17,5,453
478,478,2023-03-08,31,262
479,479,2023-05-23,1,280
480,480,2023-07-21,35,394
481,481,2023-10-24,4,120
482,482,2022-02-25,20,412
483,483,2022-05-03,42,124
484,484,2022-06-02,48,129
485,485,2020-08-28,32,228
486,486,2022-09-13,33,65
487,487,2020-05-05,22,434
488,488,2022-09-30,31,238
489,489,2022-06-01,15,95
490,490,2020-01-19,13,222
491,491,2020-06-14,11,244
492,492,2023-06-02,17,313
493,493,2023-08-11,18,210
494,494,2022-12-26,30,479
495,495,2022-10-26,48,304
496,496,2020-05-24,38,86
497,497,2021-01-17,22,211
498,498,2020-02-04,36,255
499,499,2023-08-10,32,487
500,500,2022-10-20,3,48
501,501,2023-01-25,9,107
502,502,2022-03-06,26,439
503,503,2020-09-24,13,28
504,504,2022-07-15,33,384
505,505,2022-05-11,41,353
506,506,2023-03-14,1,194
507,507,2021-09-26,36,496
508,508,2022-09-29,2,222
509,509,2023-11-06,14,219
510,510,2023-03-15,37,490
511,511,2020-12-01,7,70
512,512,2021-11-14,6,397
513,513,2022-02-07,46,219
514,514,2021-08-16,37,316
515,515,2022-06-18,15,41
516,516,2020-06-12,27,147
517,517,2023-10-18,40,1
518,518,2022-11-28,26,8
519,519,2020-11-10,18,497
520,520,2020-10-09,2,272
521,521,2021-10-14,20,46
522,522,2023-11-29,44,16
523,523,2021-06-16,48,421
524,524,2021-07-05,18,156
525,525,2023-03-18,25,341
526,526,2022-02-15,18,485
527,527,2022-12-28,33,402
528,528,2021-06-01,28,302
529,529,2021-09-09,27,347
530,530,2020-10-02,2,129
531,531,2020-09-04,36,102
532,532,2021-06-20,5,124
533,533,2020-03-06,32,360
534,534,2022-07-27,23,309
535,535,2021-05-17,39,104
536,536,2020-12-07,24,425
537,537,2021-09-28,30,88
538,538,2023-07-25,8,327
539,539,2023-01-28,26,168
540,540,2020-10-24,43,193
541,541,2022-10-13,23,200
542,542,2023-02-07,3,467
543,543,2022-08-06,39,239
544,544,2023-08-18,45,146
545,545,2022-07-25,31,177
546,546,2022-07-23,29,351
547,547,2022-10-22,36,431
548,548,2021-04-26,32,322
549,549,2020-08-26,14,176
550,550,2023-05-20,17,290
551,551,2020-05-14,24,374
552,552,2022-07-22,42,33
553,553,2021-06-08,1,232
554,554,2020-08-21,34,100
555,555,2022-07-14,20,241
556,556,2021-09-20,42,300
557,557,2021-07-09,28,424
558,558,2021-05-11,49,214
559,559,2022-05-11,22,106
560,560,2021-09-12,38,291
561,561,2020-08-07,10,30
562,562,2022-07-28,9,229
563,563,2023-02-27,11,470
564,564,2023-05-16,19,71
565,565,2022-03-22,22,302
566,566,2023-03-01,34,355
567,567,2020-10-13,1,349
568,568,2023-03-27,0,239
569,569,2022-04-01,24,274
570,570,2021-12-30,17,430
571,571,2021-04-03,17,458
572,572,2020-11-12,46,399
573,573,2021-08-06,37,405
574,574,2020-01-23,36,284
575,575,2022-04-04,8,265
576,576,2020-07-06,1,317
577,577,2021-10-18,8,436
578,578,2022-02-06,9,17
579,579,2023-07-14,32,410
580,580,2021-03-02,5,85
581,581,2023-07-20,23,208
582,582,2023-05-03,24,348
583,583,2020-02-08,36,456
584,584,2021-10-10,33,376
585,585,2020-12-31,46,63
586,586,2021-10-07,32,128
587,587,2020-11-27,2,175
588,588,2021-11-01,18,458
589,589,2020-01-22,17,131
590,590,2023-06-27,27,450
591,591,2021-11-17,8,320
592,592,2021-02-09,43,189
593,593,2020-06-23,42,286
594,594,2022-03-05,12,474
595,595,2023-11-28,31,91
596,596,2021-07-17,49,462
597,597,2023-11-18,12,455
598,598,2021-11-11,46,152
599,599,2023-10-22,12,365
600,600,2020-05-03,0,291
601,601,2021-09-06,5,449
602,602,2020-12-01,4,307
603,603,2020-04-13,42,478
604,604,2020-01-30,9,310
605,605,2021-11-02,33,29
606,606,2022-11-16,14,164
607,607,2020-09-10,10,248
608,608,2022-04-01,19,54
609,609,2020-01-31,26,479
610,610,2020-10-25,7,370
611,611,2023-04-04,45,285
612,612,2023-01-05,27,53
613,613,2022-11-29,9,92
614,614,2022-02-08,43,457
615,615,2021-04-19,21,2
616,616,2020-05-06,11,353
617,617,2020-05-06,28,417
618,618,2023-12-11,11,189
619,619,2020-10-14,47,242
620,620,2022-06-14,29,122
621,621,2022-10-26,36,144
622,622,2022-05-25,17,35
623,623,2021-03-24,7,27
624,624,2022-09-14,26,334
625,625,2022-02-24,21,305
626,626,2022-05-14,42,364
627,627,2022-04-06,36,473
628,628,2022-05-20,2,456
629,629,2022-01-29,45,176
630,630,2021-10-26,30,447
631,631,2021-07-30,25,387
632,632,2021-11-29,35,481
633,633,2021-07-07,0,134
634,634,2022-12-12,39,473
635,635,2021-05-20,21,291
636,636,2020-05-25,1,41
637,637,2023-12-24,29,332
638,638,2023-02-07,19,270
639,639,2020-04-19,31,471
640,640,2023-10-18,2,480
641,641,2021-10-08,31,56
642,642,2021-08-20,42,212
643,643,2023-02-03,36,23
644,644,2021-10-04,27,418
645,645,2022-11-01,39,381
646,646,2020-03-29,32,16
647,647,2020-04-18,32,450
648,648,2023-01-28,33,204
649,649,2023-02-03,29,431
650,650,2023-12-20,24,261
651,651,2022-01-05,49,447
652,652,2023-08-02,10,165
653,653,2023-11-07,30,14
654,654,2022-03-27,8,232
655,655,2020-03-07,28,416
656,656,2021-09-25,5,363
657,657,2020-10-07,23,454
658,658,2021-10-09,37,297
659,659,2021-10-18,12,266
660,660,2023-02-12,20,395
661,661,2022-10-01,40,182
662,662,2021-01-14,45,259
663,663,2021-10-20,24,106
664,664,2021-02-27,38,443
665,665,2020-12-21,5,303
666,666,2020-01-06,31,334
667,667,2023-06-14,35,281
668,668,2022-12-12,7,428
669,669,2021-04-24,28,214
670,670,2022-09-28,28,136
671,671,2023-04-25,7,280
672,672,2020-05-17,44,193
673,673,2022-03-24,1,334
674,674,2020-06-01,12,377
675,675,2020-11-14,27,93
676,676,2023-06-05,48,398
677,677,2020-01-12,25,365
678,678,2022-09-03,44,157
679,679,2020-11-17,41,451
680,680,2023-06-01,12,436
681,681,2021-10-03,15,311
682,682,2021-05-17,40,241
683,683,2022-11-13,5,85
684,684,2020-03-19,24,459
685,685,2021-01-09,37,117
686,686,2023-03-01,32,105
687,687,2022-01-24,24,24
688,688,2022-01-06,4,42
689,689,2022-03-17,39,71
690,690,2023-02-15,14,443
691,691,2020-06-14,34,284
692,692,2021-12-17,25,293
693,693,2021-03-26,5,463
694,694,2022-02-06,6,297
695,695,2022-05-03,33,276
696,696,2021-03-08,9,103
697,697,2022-07-09,41,307
698,698,2022-07-03,39,9
699,699,2020-12-30,43,62
700,700,2023-12-03,13,232
701,701,2023-06-20,26,442
702,702,2021-06-12,19,149
703,703,2020-12-15,5,183
704,704,2021-07-28,12,187
705,705,2021-03-18,24,204
706,706,2023-10-03,35,105
707,707,2021-11-14,47,282
708,708,2021-07-09,47,319
709,709,2021-04-02,40,21
710,710,2021-02-14,12,124
711,711,2021-01-21,18,128
712,712,2022-03-16,43,38
713,713,2020-10-25,49,396
714,714,2021-10-08,26,383
715,715,2022-07-23,2,262
716,716,2020-06-03,25,368
717,717,2023-12-04,38,261
718,718,2020-05-24,46,251
719,719,2023-03-29,10,135
720,720,2023-05-29,11,343
721,721,2021-09-23,13,144
722,722,2022-08-12,15,72
723,723,2022-10-29,44,388
724,724,2020-11-04,2,35
725,725,2021-05-09,18,22
726,726,2021-08-27,29,95
727,727,2020-11-13,48,436
728,728,2020-12-21,23,364
729,729,2020-05-23,34,213
730,730,2021-09-05,24,481
731,731,2020-04-07,15,296
732,732,2023-09-22,45,413
733,733,2020-03-13,37,192
734,734,2022-11-02,17,182
735,735,2021-04-26,31,63
736,736,2021-02-23,16,157
737,737,2020-12-11,21,411
738,738,2022-10-19,30,12
739,739,2022-12-17,26,466
740,740,2023-06-27,24,415
741,741,2021-02-13,35,341
742,742,2021-10-04,2,354
743,743,2020-10-02,11,297
744,744,2022-01-17,9,375
745,745,2022-10-16,24,441
746,746,2023-07-18,5,82
747,747,2021-05-18,26,251
748,748,2023-10-03,6,146
749,749,2023-04-26,0,463
750,750,2023-01-24,36,160
751,751,2021-01-17,46,330
752,752,2023-11-11,17,97
753,753,2022-08-31,20,428
754,754,2023-03-12,2,335
755,755,2022-11-15,11,412
756,756,2022-09-17,16,443
757,757,2023-08-01,49,370
758,758,2021-12-08,15,387
759,759,2023-03-02,49,320
760,760,2022-04-12,45,460
761,761,2021-12-11,7,451
762,762,2022-06-19,49,497
763,763,2020-09-01,42,372
764,764,2020-02-14,34,144
765,765,2023-10-21,9,39
766,766,2023-11-29,25,489
767,767,2021-09-03,34,294
768,768,2020-12-17,12,302
769,769,2020-05-12,14,281
770,770,2021-07-07,49,328
771,771,2023-10-14,35,63
772,772,2023-08-21,8,187
773,773,2020-09-09,32,291
774,774,2023-02-20,29,236
775,775,2021-04-14,42,49
776,776,2023-11-11,24,292
777,777,2020-05-09,19,217
778,778,2021-08-24,33,133
779,779,2023-04-12,30,246
780,780,2022-10-07,0,287
781,781,2022-05-07,31,280
782,782,2020-01-05,44,180
783,783,2020-06-02,6,64
784,784,2021-08-12,46,425
785,785,2023-09-23,33,45
786,786,2023-04-30,4,7
787,787,2021-02-27,25,254
788,788,2022-05-29,37,243
789,789,2021-05-02,40,18
790,790,2021-03-15,30,362
791,791,2023-03-03,18,246
792,792,2021-03-20,47,336
793,793,2020-09-27,21,58
794,794,2023-05-16,7,187
795,795,2022-04-23,1,148
796,796,2023-01-05,27,108
797,797,2020-02-15,41,187
798,798,2020-05-08,38,179
799,799,2021-08-21,34,456
800,800,2022-08-19,1,6
801,801,2021-02-27,25,384
802,802,2022-12-23,9,37
803,803,2021-06-07,24,29
804,804,2022-09-22,10,493
805,805,2022-04-02,31,3
806,806,2022-12-05,23,173
807,807,2020-03-15,30,152
808,808,2022-09-30,46,201
809,809,2020-01-27,9,160
810,810,2021-09-14,45,320
811,811,2022-11-13,27,240
812,812,2022-03-31,32,448
813,813,2020-03-17,42,208
814,814,2020-12-19,24,21
815,815,2022-09-17,4,269
816,816,2021-11-09,21,244
817,817,2021-06-22,20,208
818,818,2021-11-15,15,347
819,819,2022-11-12,25,171
820,820,2023-10-20,13,428
821,821,2020-12-09,44,394
822,822,2023-04-23,23,258
823,823,2023-09-09,9,422
824,824,2021-09-05,1,453
825,825,2020-11-26,6,416
826,826,2020-04-16,3,54
827,827,2021-08-27,43,465
828,828,2022-09-19,4,480
829,829,2021-07-06,28,46
830,830,2022-09-02,21,460
831,831,2022-06-22,22,150
832,832,2023-04-07,29,466
833,833,2021-04-22,39,420
834,834,2023-08-08,7,416
835,835,2021-07-12,1,212
836,836,2021-11-26,37,483
837,837,2023-08-23,34,340
838,838,2020-03-04,14,454
839,839,2023-06-17,31,201
840,840,2023-06-11,13,362
841,841,2020-09-21,5,154
842,842,2022-11-23,34,286
843,843,2023-07-10,18,429
844,844,2023-02-20,20,124
845,845,2023-06-18,23,105
846,846,2022-08-31,2,367
847,847,2022-09-07,22,411
848,848,2022-06-05,0,450
849,849,2023-04-29,18,39
850,850,2021-03-07,37,280
851,851,2022-12-28,17,322
852,852,2022-12-11,10,13
853,853,2020-12-22,44,287
854,854,2021-08-06,10,11
855,855,2022-11-16,5,255
856,856,2023-10-27,40,80
857,857,2020-12-19,45,223
858,858,2021-10-16,5,485
859,859,2020-01-30,2,152
860,860,2020-09-22,37,462
861,861,2020-05-24,41,290
862,862,2022-01-31,30,459
863,863,2023-08-07,11,328
864,864,2021-01-27,1,80
865,865,2023-10-29,47,16
866,866,2020-07-23,4,145
867,867,2021-07-14,36,97
868,868,2021-08-22,7,201
869,869,2020-06-21,33,438
870,870,2022-12-13,36,401
871,871,2020-10-07,3,166
872,872,2021-03-12,14,300
873,873,2023-10-13,15,48
874,874,2023-06-24,0,208
875,875,2021-06-17,20,449
876,876,2022-12-24,45,111
877,877,2021-11-07,7,170
878,878,2023-02-16,19,430
879,879,2022-03-27,48,17
880,880,2020-09-10,29,353
881,881,2022-06-07,16,59
882,882,2020-04-10,26,22
883,883,2020-06-20,7,14
884,884,2020-01-09,11,300
885,885,2021-09-15,27,182
886,886,2020-09-30,13,193
887,887,2023-10-05,7,102
888,888,2022-04-15,31,269
889,889,2020-05-08,34,249
890,890,2020-07-15,40,102
891,891,2022-05-19,31,476
892,892,2022-05-01,2,474
893,893,2020-10-07,44,331
894,894,2022-07-13,29,256
895,895,2020-02-06,12,473
896,896,2021-07-26,41,355
897,897,2023-10-26,6,234
898,898,2020-01-27,38,119
899,899,2022-07-30,43,170
900,900,2021-10-21,47,464
901,901,2021-02-13,4,109
902,902,2020-04-04,4,483
903,903,2020-08-27,32,285
904,904,2023-03-11,37,144
905,905,2023-07-23,36,436
906,906,2023-09-23,18,81
907,907,2020-05-11,45,210
908,908,2020-08-22,31,465
909,909,2021-02-04,38,435
910,910,2020-11-26,16,227
911,911,2020-09-27,5,227
912,912,2021-10-03,39,450
913,913,2022-02-10,47,25
914,914,2023-11-18,16,112
915,915,2021-12-10,49,210
916,916,2021-03-14,46,236
917,917,2020-07-18,29,104
918,918,2023-02-19,12,4
919,919,2020-05-14,33,264
920,920,2020-04-09,19,268
921,921,2021-08-18,42,421
922,922,2020-07-19,41,109
923,923,2022-08-27,40,247
924,924,2021-10-26,13,243
925,925,2020-12-19,5,248
926,926,2021-11-12,0,28
927,927,2023-08-26,24,280
928,928,2021-10-16,23,25
929,929,2022-09-27,1,232
930,930,2021-04-25,31,77
931,931,2022-06-08,38,37
932,932,2022-05-24,48,35
933,933,2020-04-26,40,87
934,934,2020-10-31,43,178
935,935,2023-08-26,22,177
936,936,2022-10-27,29,192
937,937,2020-11-16,8,242
938,938,2020-10-11,12,163
939,939,2023-09-29,20,320
940,940,2021-07-05,1,83
941,941,2021-12-17,7,228
942,942,2022-02-24,38,255
943,943,2022-07-30,14,215
944,944,2023-10-27,25,303
945,945,2022-04-13,22,16
946,946,2022-02-02,0,340
947,947,2021-12-05,1,344
948,948,2022-03-16,32,88
949,949,2022-11-06,19,445
950,950,2021-10-02,44,425
951,951,2021-09-29,26,430
952,952,2020-05-23,33,165
953,953,2020-09-23,29,452
954,954,2021-04-16,45,336
955,955,2021-01-07,27,341
956,956,2021-11-17,26,289
957,957,2023-01-24,18,497
958,958,2021-03-19,30,8
959,959,2023-06-01,20,40
960,960,2022-07-27,28,172
961,961,2022-06-08,11,218
962,962,2020-11-03,15,267
963,963,2021-12-11,0,129
964,964,2022-08-12,5,439
965,965,2023-01-09,46,54
966,966,2021-03-12,41,219
967,967,2020-04-07,23,484
968,968,2023-10-30,41,260
969,969,2022-10-08,31,257
970,970,2020-09-17,42,56
971,971,2021-05-16,19,381
972,972,2020-01-01,14,87
973,973,2022-06-14,13,319
974,974,2021-02-25,39,459
975,975,2022-08-23,40,223
976,976,2021-01-05,7,405
977,977,2020-09-02,19,170
978,978,2023-03-13,45,162
979,979,2020-08-01,0,466
980,980,2022-09-11,34,107
981,981,2020-05-11,42,422
982,982,2021-10-22,39,13
983,983,2023-02-18,16,312
984,984,2021-02-04,36,44
985,985,2022-08-21,31,409
986,986,2022-11-21,21,252
987,987,2022-04-26,17,169
988,988,2022-01-04,11,77
989,989,2022-11-29,35,61
990,990,2020-03-05,14,400
991,991,2022-02-25,46,412
992,992,2021-08-27,17,332
993,993,2020-06-14,31,170
994,994,2022-10-24,41,66
995,995,2023-01-01,33,428
996,996,2022-07-04,40,379
997,997,2021-06-15,43,279
998,998,2021-12-19,43,328
999,999,2022-11-21,6,219
1000,1000,2023-05-02,42,268
1001,1001,2020-10-08,24,279
1002,1002,2021-03-29,11,448
1003,1003,2023-07-02,39,68
1004,1004,2021-06-06,32,191
1005,1005,2021-10-14,39,422
1006,1006,2023-09-12,49,431
1007,1007,2021-08-30,21,241
1008,1008,2020-02-16,35,20
1009,1009,2022-05-06,16,310
1010,1010,2020-04-24,9,214
1011,1011,2023-11-30,22,269
1012,1012,2023-09-28,8,11
1013,1013,2020-12-03,19,244
1014,1014,2023-11-16,3,437
1015,1015,2022-03-23,12,393
1016,1016,2022-10-28,19,52
1017,1017,2020-02-22,15,451
1018,1018,2022-11-27,21,255
1019,1019,2022-10-23,27,210
1020,1020,2022-05-27,12,405
1021,1021,2020-07-09,44,239
1022,1022,2021-12-02,17,359
1023,1023,2020-12-30,32,23
1024,1024,2020-12-26,18,288
1025,1025,2020-08-03,36,478
1026,1026,2023-09-11,10,135
1027,1027,2022-05-13,17,220
1028,1028,2021-11-25,21,136
1029,1029,2023-06-18,29,317
1030,1030,2022-08-21,8,281
1031,1031,2021-09-29,2,319
1032,1032,2020-08-04,2,335
1033,1033,2020-06-04,21,321
1034,1034,2022-02-20,29,13
1035,1035,2022-07-11,32,67
1036,1036,2020-06-14,34,438
1037,1037,2023-01-25,43,241
1038,1038,2020-03-23,29,373
1039,1039,2021-12-14,48,408
1040,1040,2021-09-30,47,107
1041,1041,2020-11-28,26,203
1042,1042,2020-10-27,28,174
1043,1043,2023-12-12,24,159
1044,1044,2023-01-25,41,175
1045,1045,2023-08-04,32,241
1046,1046,2021-06-03,49,144
1047,1047,2020-06-30,37,68
1048,1048,2020-02-27,47,14
1049,1049,2022-01-08,0,60
1050,1050,2020-01-03,43,151
1051,1051,2021-03-21,4,3
1052,1052,2021-10-31,45,315
1053,1053,2021-08-14,0,388
1054,1054,2022-11-28,7,385
1055,1055,2020-11-05,21,170
1056,1056,2021-06-22,38,406
1057,1057,2020-04-24,35,88
1058,1058,2023-09-10,23,340
1059,1059,2022-07-01,25,334
1060,1060,2020-09-02,0,85
1061,1061,2022-03-05,2,30
1062,1062,2023-09-23,22,80
1063,1063,2021-01-22,29,169
1064,1064,2023-08-23,2,235
1065,1065,2022-01-16,24,334
1066,1066,2020-09-05,18,382
1067,1067,2023-10-04,27,36
1068,1068,2023-05-05,34,485
1069,1069,2022-12-29,15,130
1070,1070,2023-10-28,39,296
1071,1071,2021-08-08,5,283
1072,1072,2021-07-09,5,486
1073,1073,2021-07-31,26,374
1074,1074,2022-03-09,15,250
1075,1075,2020-12-14,19,174
1076,1076,2023-05-06,43,359
1077,1077,2022-08-25,4,401
1078,1078,2021-06-04,13,493
1079,1079,2021-09-09,45,148
1080,1080,2022-11-11,24,161
1081,1081,2023-05-11,48,240
1082,1082,2020-04-06,11,7
1083,1083,2020-04-11,39,355
1084,1084,2020-01-31,33,483
1085,1085,2021-10-06,6,417
1086,1086,2021-09-06,11,68
1087,1087,2020-08-29,12,46
1088,1088,2022-08-27,4,174
1089,1089,2020-03-12,6,440
1090,1090,2021-09-16,24,281
1091,1091,2021-04-02,15,344
1092,1092,2021-12-09,25,13
1093,1093,2022-07-17,46,278
1094,1094,2021-08-19,25,454
1095,1095,2022-03-20,15,203
1096,1096,2020-11-14,4,137
1097,1097,2023-05-05,18,149
1098,1098,2023-05-15,45,333
1099,1099,2023-04-20,19,200
1100,1100,2020-11-12,19,90
1101,1101,2023-08-14,40,89
1102,1102,2021-07-09,1,413
1103,1103,2020-10-01,26,185
1104,1104,2020-09-06,2,34
1105,1105,2021-03-22,25,172
1106,1106,2020-09-25,5,173
1107,1107,2022-09-26,44,446
1108,1108,2021-02-03,17,345
1109,1109,2021-04-11,22,253
1110,1110,2020-06-27,28,111
1111,1111,2023-08-23,26,393
1112,1112,2020-12-31,43,457
1113,1113,2020-09-14,48,205
1114,1114,2022-05-22,40,180
1115,1115,2021-09-18,20,200
1116,1116,2021-05-15,2,423
1117,1117,2020-05-28,22,20
1118,1118,2023-11-15,19,391
1119,1119,2023-04-28,32,36
1120,1120,2023-05-12,46,73
1121,1121,2022-07-03,1,158
1122,1122,2022-04-14,4,256
1123,1123,2023-12-13,39,213
1124,1124,2021-02-19,41,236
1125,1125,2021-08-26,43,178
1126,1126,2023-09-17,17,116
1127,1127,2021-08-21,16,407
1128,1128,2023-07-22,4,244
1129,1129,2021-07-10,49,479
1130,1130,2021-04-13,4,317
1131,1131,2022-07-08,2,191
1132,1132,2020-01-11,47,219
1133,1133,2020-09-24,28,15
1134,1134,2023-03-19,31,318
1135,1135,2020-11-17,35,170
1136,1136,2023-06-17,20,353
1137,1137,2021-03-24,42,216
1138,1138,2023-07-26,2,402
1139,1139,2021-03-08,8,352
1140,1140,2022-03-20,8,296
1141,1141,2022-11-18,3,370
1142,1142,2022-09-03,34,106
1143,1143,2020-11-30,41,24
1144,1144,2023-05-27,40,386
1145,1145,2020-07-04,1,279
1146,1146,2022-02-06,13,87
1147,1147,2021-01-05,27,447
1148,1148,2023-11-16,35,29
1149,1149,2020-10-04,19,469
1150,1150,2020-05-04,20,349
1151,1151,2022-07-08,16,21
1152,1152,2021-02-10,11,463
1153,1153,2022-10-04,23,394
1154,1154,2023-06-06,27,370
1155,1155,2020-04-20,5,255
1156,1156,2023-11-27,36,250
1157,1157,2020-12-22,1,3
1158,1158,2020-08-11,10,163
1159,1159,2020-03-02,7,111
1160,1160,2021-12-02,24,411
1161,1161,2022-08-21,3,442
1162,1162,2023-03-05,8,171
1163,1163,2023-01-19,10,478
1164,1164,2021-06-03,39,350
1165,1165,2022-06-11,7,364
1166,1166,2022-07-11,28,256
1167,1167,2021-02-06,33,268
1168,1168,2022-10-28,44,434
1169,1169,2021-02-12,42,89
1170,1170,2021-04-06,23,237
1171,1171,2020-10-21,17,425
1172,1172,2020-03-14,31,128
1173,1173,2022-10-17,39,124
1174,1174,2021-06-09,22,411
1175,1175,2023-06-02,47,435
1176,1176,2020-05-27,37,337
1177,1177,2022-02-03,32,333
1178,1178,2023-05-17,31,451
1179,1179,2020-04-11,47,34
1180,1180,2020-05-29,18,372
1181,1181,2023-06-01,6,20
1182,1182,2021-08-10,36,417
1183,1183,2020-11-18,25,481
1184,1184,2021-08-14,32,206
1185,1185,2021-07-24,39,236
1186,1186,2023-07-18,36,34
1187,1187,2020-07-15,5,456
1188,1188,2021-03-16,31,112
1189,1189,2022-10-05,12,117
1190,1190,2023-08-27,7,183
1191,1191,2020-08-26,29,336
1192,1192,2022-05-04,15,388
1193,1193,2021-06-18,8,129
1194,1194,2023-11-02,8,182
1195,1195,2022-03-30,26,96
1196,1196,2021-08-26,38,329
1197,1197,2021-07-23,15,8
1198,1198,2020-12-08,17,164
1199,1199,2022-08-26,31,196
1200,1200,2020-08-03,27,312
1201,1201,2022-04-17,33,305
1202,1202,2021-10-31,1,225
1203,1203,2022-11-09,21,488
1204,1204,2020-11-13,38,68
1205,1205,2023-04-08,36,143
1206,1206,2022-12-13,23,307
1207,1207,2020-07-06,31,397
1208,1208,2020-11-20,18,285
1209,1209,2020-06-08,29,397
1210,1210,2023-03-15,12,71
1211,1211,2023-06-26,20,341
1212,1212,2021-09-15,6,197
1213,1213,2023-06-04,13,306
1214,1214,2021-09-07,13,75
1215,1215,2023-01-26,33,116
1216,1216,2023-06-05,25,191
1217,1217,2023-09-30,33,223
1218,1218,2023-02-07,49,442
1219,1219,2021-01-12,5,31
1220,1220,2022-04-01,45,231
1221,1221,2023-08-10,17,380
1222,1222,2021-08-14,31,62
1223,1223,2021-08-27,14,290
1224,1224,2022-12-16,29,11
1225,1225,2023-05-17,31,211
1226,1226,2021-01-01,37,334
1227,1227,2021-06-08,28,486
1228,1228,2021-04-19,16,258
1229,1229,2021-09-11,2,255
1230,1230,2023-04-07,29,120
1231,1231,2023-03-18,48,490
1232,1232,2021-09-04,27,453
1233,1233,2020-09-17,11,161
1234,1234,2022-02-04,10,7
1235,1235,2023-11-22,29,243
1236,1236,2023-07-18,29,245
1237,1237,2023-05-28,49,90
1238,1238,2023-02-27,33,449
1239,1239,2023-05-06,48,429
1240,1240,2023-01-11,44,124
1241,1241,2022-04-22,20,199
1242,1242,2022-01-18,6,233
1243,1243,2023-08-05,6,227
1244,1244,2023-01-02,41,269
1245,1245,2023-01-01,32,473
1246,1246,2021-02-22,43,83
1247,1247,2020-08-13,25,396
1248,1248,2022-11-02,7,452
1249,1249,2022-06-29,22,105
1250,1250,2021-03-14,2,296
1251,1251,2021-02-26,42,64
1252,1252,2020-06-16,26,472
1253,1253,2023-03-30,30,77
1254,1254,2022-04-14,26,227
1255,1255,2023-11-17,7,196
1256,1256,2022-06-21,32,269
1257,1257,2020-11-14,25,272
1258,1258,2021-02-21,33,476
1259,1259,2022-01-22,9,347
1260,1260,2021-01-03,43,297
1261,1261,2022-06-12,42,226
1262,1262,2020-08-31,18,54
1263,1263,2020-09-22,0,183
1264,1264,2023-04-22,25,447
1265,1265,2020-07-11,48,313
1266,1266,2022-04-02,15,261
1267,1267,2020-11-02,21,128
1268,1268,2022-07-28,16,237
1269,1269,2022-10-24,36,194
1270,1270,2020-07-29,12,198
1271,1271,2022-08-12,27,260
1272,1272,2021-09-01,48,317
1273,1273,2023-11-21,6,440
1274,1274,2023-07-04,10,99
1275,1275,2021-10-27,40,54
1276,1276,2023-06-08,37,113
1277,1277,2022-08-08,27,54
1278,1278,2022-08-22,4,456
1279,1279,2023-07-29,31,66
1280,1280,2021-05-30,38,14
1281,1281,2020-05-03,40,461
1282,1282,2023-07-12,40,476
1283,1283,2021-05-31,26,181
1284,1284,2020-03-17,49,316
1285,1285,2021-12-04,44,216
1286,1286,2020-02-02,38,214
1287,1287,2023-11-16,28,15
1288,1288,2020-10-22,21,413
1289,1289,2020-07-05,11,301
1290,1290,2021-12-18,13,249
1291,1291,2023-11-02,20,155
1292,1292,2023-09-18,15,469
1293,1293,2022-06-11,28,45
1294,1294,2022-06-29,9,119
1295,1295,2020-10-29,16,86
1296,1296,2021-11-09,35,106
1297,1297,2023-04-07,46,224
1298,1298,2021-02-19,47,247
1299,1299,2022-10-04,16,448
1300,1300,2020-10-01,34,475
1301,1301,2023-09-14,37,6
1302,1302,2022-01-25,12,289
1303,1303,2020-05-14,14,425
1304,1304,2023-03-13,24,367
1305,1305,2020-01-19,7,269
1306,1306,2023-06-22,8,268
1307,1307,2022-02-22,9,99
1308,1308,2021-05-08,41,141
1309,1309,2021-10-12,36,57
1310,1310,2021-06-06,37,4
1311,1311,2023-01-01,17,27
1312,1312,2022-10-16,28,104
1313,1313,2021-10-21,44,179
1314,1314,2023-05-23,34,493
1315,1315,2023-08-23,5,445
1316,1316,2022-09-26,31,132
1317,1317,2021-10-14,42,338
1318,1318,2021-07-07,47,230
1319,1319,2020-03-31,48,427
1320,1320,2021-01-11,10,6
1321,1321,2022-06-22,46,454
1322,1322,2022-11-06,44,182
1323,1323,2021-12-06,18,242
1324,1324,2022-01-25,1,138
1325,1325,2021-06-13,8,22
1326,1326,2020-12-13,17,68
1327,1327,2023-05-16,49,15
1328,1328,2020-07-05,33,419
1329,1329,2022-01-03,33,126
1330,1330,2022-02-09,39,41
1331,1331,2021-08-14,13,415
1332,1332,2022-06-07,27,314
1333,1333,2022-12-09,39,337
1334,1334,2022-11-02,3,115
1335,1335,2021-12-03,8,384
1336,1336,2021-11-18,0,482
1337,1337,2021-12-24,32,143
1338,1338,2021-11-19,36,258
1339,1339,2021-10-26,6,100
1340,1340,2023-09-23,10,176
1341,1341,2022-08-21,4,30
1342,1342,2020-06-29,38,291
1343,1343,2022-03-12,40,190
1344,1344,2021-06-30,26,431
1345,1345,2020-05-11,7,219
1346,1346,2021-09-02,39,418
1347,1347,2021-02-06,33,487
1348,1348,2023-12-19,47,231
1349,1349,2022-08-02,3,157
1350,1350,2022-02-14,17,364
1351,1351,2021-12-25,6,177
1352,1352,2023-12-09,34,428
1353,1353,2020-02-17,31,99
1354,1354,2023-12-12,31,447
1355,1355,2021-08-25,32,336
1356,1356,2022-02-03,23,277
1357,1357,2021-07-04,29,81
1358,1358,2023-02-20,40,192
1359,1359,2020-04-24,6,324
1360,1360,2020-09-08,37,422
1361,1361,2022-06-30,1,402
1362,1362,2021-08-05,16,485
1363,1363,2022-07-25,37,450
1364,1364,2023-11-13,13,253
1365,1365,2023-06-18,47,201
1366,1366,2023-11-11,44,268
1367,1367,2023-02-08,40,96
1368,1368,2020-10-10,18,198
1369,1369,2021-08-11,26,402
1370,1370,2022-03-12,15,336
1371,1371,2023-07-02,43,450
1372,1372,2020-04-08,22,250
1373,1373,2020-12-28,15,169
1374,1374,2021-08-15,0,38
1375,1375,2020-12-28,30,68
1376,1376,2023-01-21,19,113
1377,1377,2020-01-05,18,159
1378,1378,2020-10-28,4,163
1379,1379,2022-11-30,18,384
1380,1380,2022-11-02,26,334
1381,1381,2023-11-09,34,166
1382,1382,2020-03-15,17,397
1383,1383,2021-12-04,45,54
1384,1384,2022-01-23,35,439
1385,1385,2023-12-05,16,37
1386,1386,2022-02-08,27,208
1387,1387,2023-12-03,47,350
1388,1388,2021-12-02,31,376
1389,1389,2021-07-26,34,244
1390,1390,2022-07-29,46,323
1391,1391,2021-11-12,23,345
1392,1392,2022-12-30,1,210
1393,1393,2021-10-16,8,264
1394,1394,2023-08-14,18,30
1395,1395,2020-07-07,39,268
1396,1396,2022-08-28,25,463
1397,1397,2020-12-25,46,203
1398,1398,2022-12-15,48,201
1399,1399,2020-02-18,19,150
1400,1400,2020-08-28,47,434
1401,1401,2023-02-06,22,131
1402,1402,2022-02-15,9,296
1403,1403,2022-04-06,31,245
1404,1404,2021-12-23,3,425
1405,1405,2021-06-17,30,461
1406,1406,2023-09-13,20,324
1407,1407,2021-11-10,19,330
1408,1408,2023-05-26,7,164
1409,1409,2022-11-24,35,314
1410,1410,2020-07-01,25,175
1411,1411,2022-10-27,41,414
1412,1412,2023-11-18,26,30
1413,1413,2022-01-31,21,227
1414,1414,2020-10-28,10,411
1415,1415,2020-03-23,35,121
1416,1416,2021-07-30,44,495
1417,1417,2022-04-21,43,111
1418,1418,2020-10-03,1,408
1419,1419,2023-05-10,47,430
1420,1420,2022-10-29,19,403
1421,1421,2021-08-23,15,475
1422,1422,2021-03-13,36,304
1423,1423,2023-04-01,10,365
1424,1424,2020-03-23,13,150
1425,1425,2020-10-30,9,468
1426,1426,2022-07-27,16,27
1427,1427,2023-05-10,24,354
1428,1428,2023-06-12,10,13
1429,1429,2023-04-14,36,255
1430,1430,2022-04-18,4,285
1431,1431,2022-10-11,4,17
1432,1432,2021-08-19,0,249
1433,1433,2023-09-13,12,477
1434,1434,2022-12-16,1,347
1435,1435,2020-01-10,6,246
1436,1436,2021-05-22,24,95
1437,1437,2020-12-09,7,50
1438,1438,2022-04-16,0,14
1439,1439,2021-05-26,36,484
1440,1440,2020-06-15,29,1
1441,1441,2022-12-02,14,180
1442,1442,2020-12-01,35,103
1443,1443,2022-03-20,41,203
1444,1444,2023-02-15,12,77
1445,1445,2021-04-15,6,32
1446,1446,2021-04-13,14,112
1447,1447,2023-01-13,39,159
1448,1448,2022-08-11,4,449
1449,1449,2021-09-03,15,370
1450,1450,2023-01-03,49,267
1451,1451,2021-04-22,26,218
1452,1452,2023-11-21,9,303
1453,1453,2021-08-15,31,480
1454,1454,2021-10-22,34,480
1455,1455,2021-11-22,10,486
1456,1456,2020-03-01,25,430
1457,1457,2023-01-13,29,453
1458,1458,2022-08-28,39,165
1459,1459,2023-01-08,36,129
1460,1460,2021-04-03,35,200
1461,1461,2020-12-17,21,266
1462,1462,2023-02-13,27,122
1463,1463,2021-05-08,28,119
1464,1464,2023-08-23,43,427
1465,1465,2021-08-22,31,433
1466,1466,2022-10-12,1,343
1467,1467,2020-03-07,39,456
1468,1468,2022-11-19,47,358
1469,1469,2023-09-09,41,64
1470,1470,2021-11-23,9,415
1471,1471,2023-06-09,14,222
1472,1472,2022-02-23,16,153
1473,1473,2023-02-08,8,96
1474,1474,2022-01-23,40,411
1475,1475,2023-08-20,10,485
1476,1476,2023-09-04,41,376
1477,1477,2022-06-07,17,478
1478,1478,2022-03-27,1,82
1479,1479,2022-07-14,15,105
1480,1480,2020-04-03,37,292
1481,1481,2022-06-13,15,110
1482,1482,2021-02-16,26,34
1483,1483,2023-07-11,49,180
1484,1484,2023-11-10,7,55
1485,1485,2021-11-15,17,489
1486,1486,2021-06-23,0,76
1487,1487,2023-06-06,8,496
1488,1488,2020-05-31,19,242
1489,1489,2020-09-07,17,184
1490,1490,2022-06-08,15,310
1491,1491,2021-05-09,46,160
1492,1492,2020-11-18,47,102
1493,1493,2020-05-14,21,250
1494,1494,2021-09-29,22,146
1495,1495,2021-12-10,19,5
1496,1496,2020-02-17,46,45
1497,1497,2020-08-11,28,147
1498,1498,2021-12-17,47,476
1499,1499,2020-01-06,2,38
1500,1500,2023-09-25,30,214
1501,1501,2023-02-07,45,410
1502,1502,2020-05-31,28,428
1503,1503,2022-03-20,20,73
1504,1504,2023-11-28,39,286
1505,1505,2023-02-08,37,277
1506,1506,2023-05-28,31,149
1507,1507,2022-06-25,17,156
1508,1508,2023-04-21,45,373
1509,1509,2020-11-07,29,259
1510,1510,2020-08-04,21,84
1511,1511,2022-03-05,34,474
1512,1512,2021-08-21,16,13
1513,1513,2020-10-28,17,29
1514,1514,2022-08-29,45,312
1515,1515,2020-08-07,28,110
1516,1516,2021-06-11,46,281
1517,1517,2021-11-11,34,245
1518,1518,2022-08-01,28,386
1519,1519,2023-03-09,30,415
1520,1520,2023-07-01,39,27
1521,1521,2023-12-05,8,318
1522,1522,2022-03-18,4,449
1523,1523,2023-05-14,11,23
1524,1524,2020-06-14,42,63
1525,1525,2021-04-27,1,205
1526,1526,2020-12-26,28,468
1527,1527,2021-03-28,8,324
1528,1528,2023-07-31,23,153
1529,1529,2023-10-08,34,477
1530,1530,2023-04-10,46,302
1531,1531,2020-03-16,43,440
1532,1532,2020-01-06,16,154
1533,1533,2021-08-09,30,283
1534,1534,2022-09-01,11,166
1535,1535,2022-12-14,42,139
1536,1536,2021-01-08,2,120
1537,1537,2020-06-11,31,132
1538,1538,2021-01-20,30,294
1539,1539,2021-06-07,32,490
1540,1540,2021-04-23,26,427
1541,1541,2022-07-22,28,378
1542,1542,2021-12-24,45,390
1543,1543,2020-01-13,40,222
1544,1544,2023-08-23,34,41
1545,1545,2023-04-21,29,475
1546,1546,2022-02-12,29,141
1547,1547,2021-11-21,32,432
1548,1548,2021-05-25,8,166
1549,1549,2021-01-08,29,12
1550,1550,2023-08-08,6,408
1551,1551,2022-01-02,43,272
1552,1552,2020-07-12,38,238
1553,1553,2021-08-08,5,48
1554,1554,2023-11-30,27,494
1555,1555,2020-10-18,10,3
1556,1556,2022-09-20,10,170
1557,1557,2021-02-22,8,435
1558,1558,2021-04-16,25,197
1559,1559,2023-08-25,29,56
1560,1560,2021-12-23,17,257
1561,1561,2022-01-09,8,52
1562,1562,2020-02-18,47,71
1563,1563,2022-08-30,29,202
1564,1564,2023-08-04,35,264
1565,1565,2023-12-17,21,483
1566,1566,2020-11-26,35,287
1567,1567,2022-01-03,23,74
1568,1568,2020-07-07,35,132
1569,1569,2020-03-18,12,400
1570,1570,2020-04-06,27,351
1571,1571,2023-03-14,37,197
1572,1572,2020-03-23,23,207
1573,1573,2021-10-06,42,96
1574,1574,2021-01-02,48,489
1575,1575,2022-11-21,47,48
1576,1576,2021-08-29,31,92
1577,1577,2021-04-15,16,144
1578,1578,2021-10-30,14,492
1579,1579,2020-05-19,33,13
1580,1580,2021-08-07,12,245
1581,1581,2022-12-20,49,247
1582,1582,2021-07-30,47,161
1583,1583,2023-12-28,1,332
1584,1584,2021-09-25,24,162
1585,1585,2022-05-13,17,219
1586,1586,2023-05-08,49,358
1587,1587,2020-02-20,49,451
1588,1588,2022-10-14,26,313
1589,1589,2021-07-04,10,245
1590,1590,2023-09-26,34,62
1591,1591,2022-10-14,41,414
1592,1592,2021-09-05,41,2
1593,1593,2022-01-28,17,415
1594,1594,2020-05-18,37,328
1595,1595,2022-06-29,30,301
1596,1596,2021-08-18,23,458
1597,1597,2023-07-17,21,200
1598,1598,2022-05-11,9,302
1599,1599,2022-11-08,10,82
1600,1600,2022-03-15,18,26
1601,1601,2022-09-26,47,105
1602,1602,2023-11-06,24,243
1603,1603,2023-07-07,33,35
1604,1604,2021-07-06,34,41
1605,1605,2020-12-16,9,319
1606,1606,2022-12-03,41,492
1607,1607,2021-07-09,37,41
1608,1608,2022-04-24,14,192
1609,1609,2023-08-24,48,99
1610,1610,2022-01-02,28,128
1611,1611,2022-02-20,26,95
1612,1612,2022-01-18,3,376
1613,1613,2021-11-29,28,203
1614,1614,2021-11-29,20,89
1615,1615,2022-02-26,47,421
1616,1616,2023-05-23,29,42
1617,1617,2022-08-09,0,169
1618,1618,2022-09-02,45,96
1619,1619,2023-07-09,21,322
1620,1620,2023-11-24,32,240
1621,1621,2022-08-01,7,120
1622,1622,2022-02-11,29,190
1623,1623,2020-03-20,26,62
1624,1624,2020-05-25,48,160
1625,1625,2020-04-24,18,85
1626,1626,2023-01-26,8,268
1627,1627,2020-08-27,15,219
1628,1628,2020-05-01,35,17
1629,1629,2023-11-13,4,374
1630,1630,2023-04-05,45,416
1631,1631,2021-09-14,8,203
1632,1632,2020-08-30,13,361
1633,1633,2021-05-28,7,21
1634,1634,2022-06-02,22,13
1635,1635,2021-10-29,16,213
1636,1636,2021-06-18,30,133
1637,1637,2020-09-23,34,294
1638,1638,2023-04-11,14,259
1639,1639,2022-02-18,27,457
1640,1640,2020-11-11,14,492
1641,1641,2020-02-01,7,40
1642,1642,2023-03-22,0,375
1643,1643,2020-12-02,47,420
1644,1644,2021-06-11,5,318
1645,1645,2022-11-11,25,394
1646,1646,2023-04-10,7,432
1647,1647,2022-02-07,39,348
1648,1648,2021-01-18,14,82
1649,1649,2021-05-12,40,171
1650,1650,2021-06-27,8,51
1651,1651,2022-03-26,18,39
1652,1652,2020-12-07,42,20
1653,1653,2023-04-05,6,70
1654,1654,2023-07-20,45,230
1655,1655,2020-11-12,18,416
1656,1656,2023-02-06,39,347
1657,1657,2023-07-08,43,390
1658,1658,2023-03-22,3,3
1659,1659,2023-01-28,25,447
1660,1660,2021-10-18,23,65
1661,1661,2021-07-27,5,93
1662,1662,2022-09-09,21,299
1663,1663,2022-02-13,43,265
1664,1664,2020-11-14,22,112
1665,1665,2022-08-21,8,317
1666,1666,2022-11-19,20,255
1667,1667,2020-05-24,21,229
1668,1668,2021-04-17,6,46
1669,1669,2020-12-21,46,439
1670,1670,2021-03-08,16,436
1671,1671,2023-05-22,5,143
1672,1672,2022-08-14,7,199
1673,1673,2022-05-17,18,385
1674,1674,2021-03-01,17,273
1675,1675,2022-05-30,38,52
1676,1676,2020-12-21,32,398
1677,1677,2021-02-22,41,424
1678,1678,2023-04-12,1,250
1679,1679,2021-12-19,22,224
1680,1680,2021-05-17,37,56
1681,1681,2020-06-02,35,391
1682,1682,2021-05-08,33,121
1683,1683,2021-07-09,5,189
1684,1684,2022-11-10,4,56
1685,1685,2022-08-31,14,185
1686,1686,2022-01-11,3,244
1687,1687,2020-11-23,39,132
1688,1688,2022-06-30,18,316
1689,1689,2022-12-20,12,461
1690,1690,2021-04-04,46,215
1691,1691,2020-05-10,45,411
1692,1692,2023-09-24,24,373
1693,1693,2022-11-10,9,296
1694,1694,2020-05-26,46,344
1695,1695,2023-11-07,0,122
1696,1696,2020-11-06,4,106
1697,1697,2023-10-23,43,104
1698,1698,2022-05-23,19,364
1699,1699,2022-01-03,28,268
1700,1700,2023-09-30,32,367
1701,1701,2023-07-06,1,175
1702,1702,2023-10-19,25,34
1703,1703,2021-11-26,13,460
1704,1704,2023-12-10,23,4
1705,1705,2023-06-15,42,8
1706,1706,2021-01-26,24,140
1707,1707,2022-12-16,18,163
1708,1708,2021-12-24,41,313
1709,1709,2020-07-23,19,472
1710,1710,2020-05-10,28,443
1711,1711,2021-04-17,49,22
1712,1712,2022-07-15,23,373
1713,1713,2022-04-28,36,482
1714,1714,2023-03-09,48,184
1715,1715,2023-04-01,30,114
1716,1716,2023-11-27,4,67
1717,1717,2020-05-08,7,106
1718,1718,2020-04-01,46,393
1719,1719,2020-11-22,33,43
1720,1720,2020-07-19,18,437
1721,1721,2021-02-21,7,9
1722,1722,2022-05-23,26,170
1723,1723,2020-11-11,47,438
1724,1724,2021-10-06,44,103
1725,1725,2023-07-11,10,136
1726,1726,2022-03-12,12,117
1727,1727,2023-09-21,12,215
1728,1728,2022-08-31,20,214
1729,1729,2021-08-19,9,71
1730,1730,2020-05-14,48,265
1731,1731,2021-09-08,7,36
1732,1732,2023-04-03,35,72
1733,1733,2022-02-13,12,336
1734,1734,2022-11-05,37,22
1735,1735,2023-11-08,16,317
1736,1736,2020-02-24,22,173
1737,1737,2023-10-11,30,226
1738,1738,2023-06-04,31,430
1739,1739,2021-06-30,22,148
1740,1740,2022-05-03,42,227
1741,1741,2020-05-09,17,394
1742,1742,2021-07-30,18,382
1743,1743,2023-11-26,1,453
1744,1744,2022-03-19,1,477
1745,1745,2021-02-18,48,218
1746,1746,2020-09-19,43,248
1747,1747,2021-03-06,34,299
1748,1748,2022-12-31,44,478
1749,1749,2021-01-08,45,470
1750,1750,2021-05-26,40,156
1751,1751,2021-02-09,23,30
1752,1752,2020-10-01,43,316
1753,1753,2020-06-06,17,59
1754,1754,2021-09-28,26,17
1755,1755,2020-03-20,25,272
1756,1756,2022-02-24,29,442
1757,1757,2022-04-11,23,441
1758,1758,2020-04-19,38,421
1759,1759,2022-05-12,30,423
1760,1760,2022-10-02,16,481
1761,1761,2022-08-31,0,331
1762,1762,2021-12-03,48,107
1763,1763,2021-12-04,38,162
1764,1764,2021-04-04,9,410
1765,1765,2022-09-04,6,491
1766,1766,2020-12-30,8,229
1767,1767,2022-10-21,1,142
1768,1768,2023-10-03,13,42
1769,1769,2020-08-25,40,30
1770,1770,2023-06-02,5,488
1771,1771,2023-11-27,41,451
1772,1772,2023-05-15,13,7
1773,1773,2021-08-31,10,391
1774,1774,2023-04-19,5,173
1775,1775,2022-11-17,31,272
1776,1776,2020-07-24,47,317
1777,1777,2023-10-02,21,471
1778,1778,2021-11-06,5,257
1779,1779,2020-06-16,44,223
1780,1780,2022-02-10,21,283
1781,1781,2021-07-21,12,332
1782,1782,2021-06-14,19,109
1783,1783,2023-02-01,18,109
1784,1784,2020-06-07,42,327
1785,1785,2023-05-24,22,269
1786,1786,2023-11-29,45,217
1787,1787,2020-10-17,19,56
1788,1788,2020-01-11,15,372
1789,1789,2020-04-05,1,144
1790,1790,2020-12-08,35,118
1791,1791,2021-02-10,38,245
1792,1792,2020-12-06,42,390
1793,1793,2021-06-24,5,165
1794,1794,2022-04-20,20,282
1795,1795,2020-06-23,40,233
1796,1796,2022-09-22,35,54
1797,1797,2020-01-08,6,365
1798,1798,2023-03-31,34,312
1799,1799,2021-07-12,21,15
1800,1800,2022-09-06,12,412
1801,1801,2021-06-08,34,407
1802,1802,2023-04-11,21,13
1803,1803,2021-11-21,32,430
1804,1804,2020-10-05,41,206
1805,1805,2022-08-06,16,140
1806,1806,2021-09-09,46,67
1807,1807,2020-06-29,20,383
1808,1808,2021-05-28,3,23
1809,1809,2022-07-11,49,260
1810,1810,2022-10-29,12,61
1811,1811,2020-11-02,38,479
1812,1812,2022-04-18,49,143
1813,1813,2021-04-22,40,112
1814,1814,2021-01-25,20,344
1815,1815,2022-08-07,14,141
1816,1816,2023-12-15,48,375
1817,1817,2020-02-09,5,226
1818,1818,2022-11-27,27,436
1819,1819,2022-11-25,45,144
1820,1820,2023-05-05,42,8
1821,1821,2020-12-13,22,477
1822,1822,2023-05-29,42,224
1823,1823,2023-06-03,32,352
1824,1824,2021-07-17,5,12
1825,1825,2020-09-08,19,469
1826,1826,2020-09-13,44,228
1827,1827,2023-03-29,35,21
1828,1828,2020-08-17,26,489
1829,1829,2023-04-27,2,469
1830,1830,2023-04-01,9,289
1831,1831,2020-06-25,29,88
1832,1832,2023-04-12,12,466
1833,1833,2022-02-17,41,340
1834,1834,2023-06-19,20,372
1835,1835,2020-05-17,42,447
1836,1836,2022-05-21,28,451
1837,1837,2021-11-18,29,43
1838,1838,2020-03-05,1,290
1839,1839,2020-11-22,9,410
1840,1840,2022-04-24,10,284
1841,1841,2021-06-15,41,449
1842,1842,2020-11-19,47,368
1843,1843,2023-01-23,28,326
1844,1844,2023-05-06,23,355
1845,1845,2020-03-30,46,60
1846,1846,2023-07-18,17,107
1847,1847,2020-06-04,32,192
1848,1848,2023-06-26,43,183
1849,1849,2022-09-08,1,188
1850,1850,2020-10-11,37,60
1851,1851,2023-08-22,22,317
1852,1852,2022-06-21,30,497
1853,1853,2023-12-03,33,332
1854,1854,2023-07-20,47,376
1855,1855,2021-09-02,40,94
1856,1856,2023-08-09,21,70
1857,1857,2021-08-13,10,432
1858,1858,2023-12-27,34,59
1859,1859,2023-12-28,37,14
1860,1860,2020-06-03,25,295
1861,1861,2023-10-31,9,478
1862,1862,2021-01-26,28,306
1863,1863,2021-03-13,46,228
1864,1864,2021-09-08,34,130
1865,1865,2020-11-22,32,451
1866,1866,2020-09-12,24,340
1867,1867,2023-07-26,8,145
1868,1868,2021-02-14,12,41
1869,1869,2020-11-06,5,113
1870,1870,2020-02-28,16,220
1871,1871,2021-06-15,4,248
1872,1872,2022-02-07,39,369
1873,1873,2022-01-03,28,334
1874,1874,2022-11-02,39,446
1875,1875,2020-10-14,44,451
1876,1876,2023-08-13,3,361
1877,1877,2022-10-14,37,26
1878,1878,2021-03-02,13,425
1879,1879,2020-05-10,45,261
1880,1880,2020-08-01,24,273
1881,1881,2023-01-06,48,167
1882,1882,2022-09-04,9,9
1883,1883,2021-11-05,43,138
1884,1884,2021-01-04,8,462
1885,1885,2020-10-26,25,6
1886,1886,2021-03-18,11,375
1887,1887,2021-09-19,29,345
1888,1888,2023-05-23,46,259
1889,1889,2021-01-09,27,435
1890,1890,2020-02-11,23,43
1891,1891,2023-10-04,46,179
1892,1892,2022-08-01,23,20
1893,1893,2020-10-30,20,366
1894,1894,2023-02-08,11,371
1895,1895,2022-10-13,8,458
1896,1896,2021-08-03,8,166
1897,1897,2023-08-13,49,257
1898,1898,2020-01-11,1,403
1899,1899,2020-03-27,1,89
1900,1900,2020-12-22,48,200
1901,1901,2021-04-20,48,413
1902,1902,2023-01-18,29,399
1903,1903,2020-11-01,20,435
1904,1904,2020-04-18,4,436
1905,1905,2023-06-18,20,27
1906,1906,2021-04-14,27,468
1907,1907,2022-08-17,11,98
1908,1908,2021-06-13,16,275
1909,1909,2021-08-04,40,40
1910,1910,2021-09-02,2,328
1911,1911,2022-01-16,42,496
1912,1912,2021-12-30,0,49
1913,1913,2023-04-02,17,345
1914,1914,2021-01-08,48,411
1915,1915,2020-03-06,33,185
1916,1916,2023-01-03,28,138
1917,1917,2021-01-08,4,289
1918,1918,2022-04-28,38,353
1919,1919,2023-01-30,10,48
1920,1920,2022-02-21,25,265
1921,1921,2022-03-13,39,184
1922,1922,2020-05-22,36,384
1923,1923,2020-04-25,5,367
1924,1924,2021-10-13,17,265
1925,1925,2021-01-10,22,397
1926,1926,2021-09-11,23,177
1927,1927,2022-05-30,21,383
1928,1928,2022-06-04,5,166
1929,1929,2020-11-03,19,65
1930,1930,2021-09-08,13,229
1931,1931,2020-09-21,39,240
1932,1932,2020-05-10,18,73
1933,1933,2020-09-01,24,461
1934,1934,2023-07-28,31,50
1935,1935,2020-08-01,14,22
1936,1936,2022-09-20,1,202
1937,1937,2023-04-30,1,274
1938,1938,2022-05-20,12,144
1939,1939,2022-12-30,28,277
1940,1940,2022-08-30,42,427
1941,1941,2021-01-10,15,357
1942,1942,2022-09-03,18,422
1943,1943,2021-11-10,41,213
1944,1944,2022-08-11,25,313
1945,1945,2023-12-30,47,36
1946,1946,2022-05-21,22,56
1947,1947,2021-08-15,48,320
1948,1948,2021-12-02,1,155
1949,1949,2020-07-13,30,250
1950,1950,2020-06-16,15,241
1951,1951,2020-05-19,6,245
1952,1952,2021-08-18,27,36
1953,1953,2020-05-19,6,72
1954,1954,2022-07-18,30,473
1955,1955,2020-05-13,26,386
1956,1956,2021-02-11,22,57
1957,1957,2020-03-20,8,319
1958,1958,2021-01-03,13,429
1959,1959,2020-12-09,46,317
1960,1960,2023-04-17,17,310
1961,1961,2020-07-06,43,307
1962,1962,2023-04-03,12,106
1963,1963,2020-01-25,2,446
1964,1964,2020-08-01,20,202
1965,1965,2021-06-06,44,467
1966,1966,2023-08-04,29,147
1967,1967,2023-04-06,40,122
1968,1968,2022-11-14,7,292
1969,1969,2023-02-18,49,19
1970,1970,2022-06-08,49,327
1971,1971,2023-08-24,11,156
1972,1972,2020-09-11,46,454
1973,1973,2020-05-19,19,87
1974,1974,2020-04-15,46,391
1975,1975,2020-08-26,5,168
1976,1976,2021-02-06,13,117
1977,1977,2021-11-29,44,369
1978,1978,2023-10-01,17,40
1979,1979,2021-01-04,14,73
1980,1980,2023-03-09,4,415
1981,1981,2022-10-04,46,385
1982,1982,2021-10-28,49,64
1983,1983,2022-06-23,31,374
1984,1984,2020-09-21,20,358
1985,1985,2023-06-18,33,131
1986,1986,2022-01-17,8,272
1987,1987,2020-10-28,30,266
1988,1988,2022-05-21,30,406
1989,1989,2021-11-28,40,187
1990,1990,2023-10-03,3,239
1991,1991,2023-05-18,27,292
1992,1992,2020-02-01,8,114
1993,1993,2020-02-08,18,285
1994,1994,2022-02-15,1,455
1995,1995,2022-01-14,45,157
1996,1996,2022-04-12,48,418
1997,1997,2022-12-25,0,461
1998,1998,2022-08-07,0,53
1999,1999,2020-11-03,45,473
